{
  "Fact Retrieval": {
    "rouge_score": 0.19319569680872434,
    "answer_correctness": 0.7625409099302564
  }
}